A,ATCCATTCCCAACAAACTAGGTGGTGTTCTAGCATTATTGTCCTCCATTCTTGTATTGATAGTGGTACCCATCCTTCACACCTCCAAGCAACGGGGACTAACATTTCGCCCGGCCACCCAATTCCTATTCTGAACCTTAGTTGCTGATATGATTATTCTAACATGAATTGGAGGAATGCCAGTAGAACATCCGTTTATTGTTATTGGACAAGTTGCGTCCGCCCTATACTTCGCCCTATTCCTAATCTTAACCCCGCTAGCCGGGTGATTAGAAAACAAGGCACTAGAATGAGCTTGCTCTAGTAGCTTAG
B,ATCCATTCCCAACAAACTAGGTGGTGTTCTAGCATTATTGTCCTCCATTCTTGTATTGATAGTGGTACCCATCCTTCACACCTCCAAGCAACGAGGACTAACATTTCGCCCGGCCACCCAATTCCTATTCTGAACCTTAGTTGCTGATATGATTATCCTAACATGAATTGGAGGAATGCCAGTAGAACATCCGTTTATTGTTATTGGACAAGTTGCGTCCGCCCTATACTTCGCCCTATTCCTAATCTTAACCCCGCTAGCCGGGTGATTAGAAAACAAGGCACTAGAATGAGCTTGCTCTAGTAGCTTAG
C,ATCCATTCCCAACAAACTAGGTGGTGTTCTAGCATTATTGTCCTCCATTCTTGTATTGATAGTGGTACCCATCCTTCACACCTCCAAGCAACGAGgACTAACATTTCGCCCGGCCACCCAATTCCTATTCTGAACCTTAGTTGCTGATATGATTATCCTAACATGAATTGGAGGGATGCCAGTAGAACATCCGTTTATTGTTATTGGACAAGTTGCGTCCGCCCTATACTTCGCCCTATTCCTAATCTTAACCCCGCTAGCCGGGTGATTAGAAAATAAGGCACTAGAATGAGCTTGCTCTAGTAGCTTAG
D,ATCCATTCCCAATAAACTAGGTGGTGTTCTAGCATTATTGTCCTCCATTCTTGTATTGATAGTGGTACCCGTCCTTCACACCTCCAAGCAACGAGGACTAACATTTCGCCCGGCCACCCAATTCCTATTCTGAACCTTAGTTGCTGATATGATTATCCTAACATGAATTGGAGGAATGCCAGTAGAACATCCGTTTATTGTTATTGGACAAGTTGCGTCCGCCCTATACTTCGCCCTATTCCTAATCTTAACCCCGCTAGCCGGGTGATTAGAAAACAAGGCACTAGAATGAGCTTGCTCTAGTAGCTTAG
E,ATCCATTCCCAACAAACTAGGTGGTGTTCTAGCATTATTGTCCTCCATTCTTGTATTGATAGTGGTACCCGTCCTTCACACCTCCAAGCAACGAGGACTAACATTTCGCCCGGCCACCCAATTCCTATTCTGAACCTTAGTTGCTGATATGATTATCCTAACATGAATTGGAGGAATGCCAGTAGAACATCCGTTTATTGTTATTGGACAAGTTGCGTCCGCCCTATACTTCGCCCTATTCCTAATCTTAACCCCGCTAGCCGGGTGATTAGAAAACAAGGCACTAGAATGAGCTTGCTCTAGTAGCTTAG
F,ATCCATTCCCAACAAACTAGGTGGTGTTCTAGCATTATTGTCCTCCATTCTTGTATTGATAGTAGTACCCGTCCTTCACACCTCCAAGCAACGAGGACTAACATTTCGCCCGGCCACCCAATTCCTATTCTGAACCTTAGTTGCTGATATGATTATCCTAACATGAATTGGAGGAATGCCAGTAGAACATCCGTTTATTGTTATTGGACAAGTTGCGTCCGCTCTATACTTCGCCCTATTCCTAATCTTAACCCCGCTAGCCGGGTGATTAGAAAACAAGGCACTAGAATGAGCTTGCTCTAGTAGCTTAG
G,ATCCATTCCCAACAAACTAGGTGGTGTTCTAGCATTATTGTCCTCCATTCTTGTATTGATGGTGGTACCCATCCTTCACACCTCCAAGCAACGAGGACTAACATTTCGCCCGGCCACCCAATTCCTATTCTGAACCTTAGTTGCTGATATGATTATCCTAACATGAATTGGAGGAATGCCAGTAGAACATCCGTTTATTGTTATTGGACAAGTTGCGTCCGCCCTATACTTCGCCCTATTCCTAATCTTAACCCCGCTAGCCGGGTGATTAGAAAACAAGGCACTAGAATGAGCTTGCTCTAGTAGCTTAG
H,ATCCATTCCCAACAAACTAGGTGGTGTTCTAGCATTATTGTCCTCCATTCTTGTATTGATAGTGGTACCCGTCCTTCACACCTCCAAGCAACGAGGACTAACATTTCGCCCGGCCACCCAATTCCTATTCTGAACCTTAGTTGCTGATATGATTATCCTAACATGAATTGGAGGAATGCCAGTAGAACATCCGTTTATTGTTATTGGACAAGTTGCGTCCGCCCTATACTTCGCCCTATTCCTAATCTTAACCCCGCTAGCCGGGTGATTAGAAAATAAGGCACTAGAATGAGCTTGCTCTAGTAGCTTAG
I,ATCCATTCCCAACAAACTAGGTGGTGTTCTAGCATTATTGTCCTCCATTCTTGTATTGATAGTGGTACCCGTCCTTCACACCTCCAAGCAACGAGGACTAACATTTCGCCCGGCCACCCAATTCCTATTCTGAACCTTAGTTGCTGATATGATTATCCTAACATGAATTGGAGGAATGCCAGTAGAACATCCGTTTATTGTTATTGGACAAGTTGCGTCCGCCCTATACTTCGCCCTATTCCTAATCTTAACCCCACTAGCCGGGTGATTAGAAAACAAGGCACTAGAATGAGCTTGCTCTAGTAGCTTAG
J,ATCCATTCCCAACAAACTAGGTGGTGTTCTAGCATTGTTGTCCTCCATTCTTGTATTGATAGTGGTACCCATCCTTCACACCTCCAAGCAACGAGGACTAACATTTCGCCCGGCCACCCAATTCCTATTCTGAACCTTAGTTGCTGATATGATTATCCTAACATGAATTGGAGGAATGCCAGTAGAACATCCGTTTATTGTTATTGGACAAGTTGCGTCCGCCCTATACTTCGCCCTGTTCCTAATCTTAACCCCACTAGCCGGGTGATTAGAAAACAAGGCACTAGAATGAGCTTGCTCTAGTAGCTTAG
K,ATCCATTCCCAACAAACTAGGTGGTGTTCTAGCATTGTTGTCCTCCATTCTTGTATTGATAGTGGTACCCGTCCTTCACACCTCCAAGCAACGAGGACTAACATTTCGCCCGGCCACCCAATTCCTATTCTGAACCCTAGTTGCTGATATGATTATCCTAACATGAATTGGAGGAATGCCAGTAGAACATCCGTTTATTGTTATTGGACAAGTTGCGTCCGCCCTATACTTCGCCCTATTCCTAATCTTAACCCCGCTAGCCGGGTGATTAGAGAACAAGGCACTAGAATGAGCTTGCTCTAGTAGCTTAG
L,ATCCATTCCCAACAAACTAGGTGGTGTTCTAGCATTATTGTCCTCCATTCTTGTATTGATAGTGGTACCCGTCCTTCACACCTCCAAGCAACGAGGACTAACATTTCGCCcAGCCACCCAATTCCTATTCTGAACCTTAGTTGCTGATATGATTATCCTAACATGAATTGGAGGAATGCCAGTAGAACATCCGTTTATTGTTATTGGACAAGTTGCGTCCGCCCTATACTTCGCCCTATTCCTAATCTTAACCCCGCTAGCCGGGTGATTAGAAAACAAGGCACTAGAATGAGCTTGCTCTAGTAGcttag
M,ATCCATTCCCAACAAACTAGGTGGTGTTCTAGCATTATTGTCCTCCATTCTTGTATTGATGGTGGTACCCATCCTTCACACCTCCAAGCAACGAGGACTAACATTTCGCCCGGCCACCCAATTCCTATTCTGAACCTTAGTTGCTGATATGATTATCCTAACATGAATTGGAGGAATGCCAGTAGAACATCCGTTTATTGTTATTGGACAAGTTGCGTCCGCCCTATACTTCGCCCTATTCCTAATCTTAACCCCGCTAGCCGGGTGATTAGAAAATAAGGCACTAGAATGAGCTTGCTCTAGTAGCTTAG
N,ATCCATTCCCAACAAACTAGGTGGTGTTCTAGCATTATTGTCCTCCATTCTTGTATTGATAGTGGTACCCATCCTTCACACCTCCAAGCAACGAGGACTAACATTTCGCCCAGCCACCCAATTCCTATTCTGAACCTTAGTTGCTGATATGATTATCCTAACATGAATTGGAGGAATGCCAGTAGAACATCCGTTTATTGTTATTGGACAAGTTGCGTCCGCCCTATACTTCGCCCTATTCCTAATCTTAACCCCGCTAGCCGGGTGATTAGAAAATAAGGCACTAGAATGAGCTTGCTCTAGTAGCTTAG
O,ATCCATTCCCAACAAACTAGGTGGTGTTCTAGCATTGTTGTCCTCCATTCTTGTATTGATAGTGGTACCCATCCTTCACACCTCCAAGCAACGAGGACTAACATTTCGCCCGGCCACCCAATTCCTATTCTGAACCTTAGTTGCTGATATGATTATCCTAACATGAATTGGAGGAATGCCAGTAGAACATCCGTTTATTGTTATTGGACAAGTTGCGTCCGCCCTATACTTCGCCCTATTCCTAATCTTAACCCCGCTAGCCGGGTGATTAGAAAACAAGGCACTAGAATGAGCTTGCTCTAGTAGCTTAG
P,ATCCATTCCCAACAAACTAGGTGGTGTTCTAGCATTATTGTCCTCCATTCTTGTATTGATAGTGGTACCCGTCCTTCACACCTCCAAGCAACGAGGACTAACATTTCGCCCGGCCACCCAATTCCTATTCTGAACCCTAGTTGCTGATATGATTATCCTAACATGAATTGGAGGAATGCCAGTAGAACATCCGTTTATTGTTATTGGACAAGTTGCGTCCGCCCTATACTTCGCCCTATTCCTAATCTTAACCCCGCTAGCCGGGTGATTAGAGAACAAGGCACTAGAATGAGCTTGCTCTAGTAGCTTAG
Q,ATCCATTCCCAACAAACTAGGTGGTGTTCTAGCATTATTGTCCTCCATTCTTGTATTGATAGTGGTACCCGTCCTTCACACCTCCAAGCAACGAGGACTAACATTTCGCCCGGCCACCCAATTCCTATTCTGAACCTTAGTTGCTGATATGATTATCCTAACATGAATTGGAGGAATGCCAGTAGAACATCCGTTTATTGTTATTGGACAAGTTGCGTCCGCCCTATACTTCGCCCTATTCCTAATCTTGACCCCGCTAGCCGGGTGATTAGAAAACAAGGCACTAGAATGAGCTTGCTCTAGTAGCTTAG
R,ATCCATTCCCAACAAACTAGGTGGTGTTCTAGCATTATTGTCCTCCATTCTTGTATTGATAGTGGTACCCATCCTTCACACCTCCAAGCAACGAGGACTAACATTTCGCCCGGCCACCCAATTCCTATTCTGAACCTTAGTTGCTGATATGATTATCCTAACATGAATTGGAGGAATGCCAGTAGAACATCCGTTTATTGTTATTGGACAAGTTGCGTCCGCCCTATACTTCGCCCTATTCCTAATCTTAACCCCGCTAGCCGGGTGATTAGAAAATAAGGCACTAGAATGAGCTTGCTCTAGTAGCTTAG
S,ATCCATTCCCAACAAACTAGGTGGTgtTCTAGCATTATTGTCCTCCATTCTTGTATTGATAGTGGTACCCATCCTTCACACCTCCAAGCAACGGGGACTAACATTTCGCCCGGCCACCCAATTCCTATTCTGAACCTTAGTTGCTGATATGATTATCCTAACATGAATTGGAGGAATGCCAGTAGAACATCCGTTTATTGTTATTGGACAAGTTGCGTCCGCCCTATACTTCGCCCTATTCCTAATCTTAACCCCGCTAGCCGGGTGATTAGAAAACAAGGCACTAGAATGAGCTTGCTCTAGTAGCTTAG
T,ATCCATTCCCAACAAACTAGGTGGTGTTCTAGCATTATTGTCCTCCATTCTTGTATTGATAGTGGTACCCGTCCTTCACACCTCCAAGCAACGAGGACTAACATTTCGCCCGGCCACCCAATTCCTATTCTGAACCTTAGTTGCTGATATGATTATCCTAACATGAGTTGGAGGAATGCCAGTAGAACATCCGTTTATTGTTATTGGACAAGTTGCGTCCGCCCTATACTTCGCCCTATTCCTAATCTTAACCCCGCTAGCCGGGTGATTAGAAAACAAGGCACTAGAATGAGCTTGCTCTAGTAGCTTAg
U,ATCCATTCCCAACAAACTAGGTGGTGTTCTAGCATTATTGTCCTCCATTCTTGTATTGATAGTGGTACCCGTCCTTCACACCTCCAAGCAACGAGGACTAACATTTCGCCCGGCCACCCAATTCCTATTCTGAACCTTAGTTGCTGATATGATTATCCTAACATGAATTGGAGGAATGCCAGTAGAACATCCGTTTATTGTTATTGGACAAGTTGCGTCCGCCCTATACTTCGCCCTATTCCTAATCTTAACCCCGCTAGCCGGGTGATTAGAGAACAAGGCACTAGAATGAGCTTGCTCTAGTAGCTTAG
V,ATCCATTCCCAACAAACTAGGTGGTGTTCTAGCATTATTGTCCTCCATTCTTGTATTGATAGTAGTACCCGTCCTTCACACCTCCAAGCAACGAGGACTAACATTTCGCCCGGCCACCCAATTCCTATTCTGAACCTTAATTGCTGATATGATTATCCTAACATGAATTGGAGGAATGCCAGTAGAACATCCGTTTATTGTTATTGGACAAGTTGCGTCCGCTCTATACTTCGCCCTATTCCTAATCTTAACCCCGCTAGCCGGGTGATTAGAAAACAAGGCACTAGAATGAGCTTGCTCTAGTAGCTTAG
W,ATCCATTCCCAACAAACTAGGTGGTGTTCTAGCATTGTTGTCCTCCATTCTTGTATTGATAGTGGTACCCATCCTTCACACCTCCAAGCAACGAGGACTAACATTTCGCCCGGCCACCCAATTCCTATTCTGAACCTTAGTTGCTGATATGATTATCCTAACTTGAATTGGAGGAATGCCAGTAGAACATCCGTTTATTGTTATTGGACAAGTTGCGTCCGCCCTATACTTCGCCCTGTTCCTAATCTTAACCCCACTAGCCGGGTGATTAGAAAACAAGGCACTAGAATGAGCTTGCTCTAGTAGCTTAG
X,ATCCATTCCCAACAAACTAGGTGGTGTTCTAGCATTATTGTCCTCCATTCTTGTATTGATAGTGGTACCCGTCCTTCACACCTCCAAGCAACGAGGACTAACATTTCGCCCGGTCACCCAATTCCTATTCTGAACCTTAGTTGCTGATATGATTATCCTAACATGAATTGGAGGAATGCCAGTAGAACATCCGTTTATTGTTATTGGACAAGTTGCGTCCGCCCTATACTTCGCCCTATTCCTAATCTTAACCCCGCTAGCCGGGTGATTAGAAAACAAGGCACTAGAATGAGCTTGCTCTAGTAGCTTAG
Y,ATCCATTCCCAACAAACTAGGTGGTGTTCTAGCATTATTGTCCTCCATTCTTGTATTGATAGTGGTACCCATCCTTCACACCTCCAAGCAACGAGGACTAACATTTCGCCCGGCCACCCAATTCCTATTCTGAACCTTAGTTGCTGATATGATTATCCTAACATGAATTGGAGGAATGCCAGTAGAACATCCGTTTATTGTTATTGGACAAGTTGCGTCCACCCTATACTTCGCCCTATTCCTAATCTTAACCCCGCTAGCCGGGTGATTAGAAAATAAGGCACTAGAATGAGCTTGCTCTAGTAGCTTAG
Z,ATCCATTCCCAACAAACTAGGTGGTGTTCTAGCATTATTGTCCTCCATTCTTGTATTGATAGTAGTACCCGTCCTTCACACCTCCAAGCAACGAGGACTAACATTTCGCCCGGCCACCCAATTCCTATTCTGAACCTTAGTTGCTGATGTGATTATCCTAACATGAATTGGAGGAATGCCAGTAGAACATCCGTTTATTGTTATTGGACAAGTTGCGTCCGCTCTATACTTCGCCCTATTCCTAATCTTAACCCCGCTAGCCGGGTGATTAGAAAACAAGGCACTAGAATGAGCTTGCTCTAGTAGCTTAG
AA,ATCCATTCCCAACAAACTAGGTGGTGTTCTAGCATTATTGTCCTCCATTCTTGTATTGATAGTGGTACCCGTCCTTCACACCTCCAAGCAACGAGGACTAACATTTCGCCCGGCCACCCAATTCCTATTCTGAACCTTAGTTGCTGATATGATTATCCTAACATGAATTGGAGGGATGCCAGTAGAACATCCGTTTATTGTTATTGGACAAGTTGCGTCCGCCCTATACTTCGCCCTATTCCTAATCTTAACCCCGCTAGCCGGGTGATTAGAAAACAAGGCACTAGAATGAGCTTGCTCTAGTAGCTTAG
BB,ATCCATTCCCAACAAACTAGGTGGTGTTCTAGCATTATTGTCCTCCATTCTTGTATTGATAGTGGTACCCGTCCTTCACACCTCCAAGCAACGAGGACTAACATTTCGCCCGGCCACCCAATTCCTATTCTGAACCTTAGTTGCTGATATGATTATCCTAACATGAATTGGAGGAATGCCAGTAGAACATCCGTTTATTGTTATTGGACAAATTGCGTCCGCCCTATACTTCGCCCTATTCCTAATCTTAACCCCGCTAGCCGGGTGATTAGAAAACAAGGCACTAGAATGAGCTTGCTCTAGTAGCTTAG
CC,ATCCATTCCCAACAAACTAGGTGGTGTTCTAGCATTATTGTCCTCCATTCTTGTATTGATAGTGGTACCCATCCTTCACACCTCCAAGCAACGAGGACTAACATTTCGCCCGGCCACCCAATTCCTATTCTGAACCTTAGTTGCTGATATGATTATCCTAACATGAATTGGAGGGATGCCAGTAGAACATCCGTTTATTGTTATTGGACAAGTTGCGTCCGCCCTATACTTCGCCCTATTCCTAATCTTAACCCCGCTAGCCGGGTGATTAGAAAATAAGGCACTAGAATGAGCTTGCTCTAGTAGCTTAA
DD,ATCCATTCCCAACAAACTAGGTGGTGTTCTAGCATTATTGTCCTCCATTCTTGTATTGATAGTGGTACCCGTCCTTCACACCTCCAAGCAACGAGGACTAACATTTCGCCCGGCCACCCAATTCCTATTCTGAACCTTAGTTGCTGATATGATTATCCTAACATGAATTGGAGGAATGCCAGTAGAACATCCGTTTATTGTTATTGGACAAGTTGCGTCCGCCCTATACTTCGCCCTATTCCTAATCCTAACCCCGCTAGCCGGGTGATTAGAAAACAAGGCACTAGAATGAGCTTGCTCTAGTAGCTTAG
EE,ATCCATTCCCAACAAACTAGGTGGTGTccTAGCATTATTGTCCTCCATTCTTGTATTGATAGTGGTACCCGTCCTTCACACCTCCAAGCAACGAGGACTAACATTTCGCCCGGCCACCCAATTCCTATTCTGAACCCTAGTTGCTGATATGATTATCCTAACATGAATTGGAGGAATGCCAGTAGAACATCCGTTTATTGTTATTGGACAAGTTGCGTCCGCCCTATACTTCGCCCTATTCCTAATCTTAACCCCGCTAGCCGGGTGATTAGAGAACAAGGCACTAGAATGAGCTTGCTCTAGTAGCTTAG
FF,ATCCATTCCCAACAAACTAGGTGGTGTTCTAGCATTATTGTCCTCCATTCTTGTATTGATAGTGGTACCCATCCTTCACACCTCCAAGCAACGAGGACTAACATTTCGCCCGGCCACCCAATTCCTATTCTGAACCTTAGTTGCTGATATGATTATCCTAACATGAATTGGAGGAATGCCAGTAGAACATCCGTTTATTGTTATTGGACAAGTTGCGTCCGCCCTATACTTCGCCCTATTCCTAATCTTAACCCCGCTAGCCGGGTGATTAGAAAACAAGGCACTAGAATGAGCTTGCTCTAGTAGCTTAA
GG,ATCCATTCCCAACAAACTAGGTGGTGTTCTAGCATTATTGTCCTCCATTCTTGTATTGATAGTGGTACCCGTCCTTCACACCTCCAAGCAACGAGGACTAACATTTCGCCCGGCCACCCAATTCCTATTCTGAACCTTAATTGCTGATATGATTATCCTAACATGAATTGGAGGAATGCCAGTAGAACATCCGTTTATTGTTATTGGACAAGTTGCGTCCGCCCTATACTTCGCCCTATTCCTAATCTTAACCCCGCTAGCCGGGTGATTAGAAAACAAGGCACTAGAATGAGCTTGCTCTAGTAGCTTAG
HH,ATCCATTCCCAACAAACTAgGtGGTGTTCTAGCATTAttGtCCTCCATTCTtGTATTGATACtGGTACCCGTCCTTCACACCTCCAAGCAACGAGGACTAACATTTCGCCCGGCCACCCAATTCCTATTCTGAACCTTAGTTGCTGATATGATTATCCTAACATGAATTGGAGGAATGCCAGTAGAACATCCGTTTATTGTTATTGGACAAGTTGCGTCCgCcCTATACTTCGCCCTATTCCTAATCTTAACCCCGCTAGCCGGGTGATTAGAAAACAAGGCACTAGAATGAGCTTGCTCTAGTAGCTTAG
II,ATCCATTCCCAACAAACTAGGTGGTGTTCTAGCATTATTGTCCTCCATTCTTGTATTGATAGTGGTACCCGTCCTTCACACCTCCAAGCAACGAGGACTAACATTTCGCCCGGCCACCCAATTCCTATTCTGAACCTTAGTTGCTGATGTGATTATCCTAACATGAATTGGAGGAATGCCAGTAGAACATCCGTTTATTGTTATTGGACAAGTTGCGTCCGCCCTATACTTCGCCCTATTCCTAATCTTAACCCCGCTAGCCGGGTGATTAGAAAACAAGGCACTAGAATGAGCTTGCTCTAGTAGCTTAG"
